"Submission Date","En el rectángulo blanco a continuación, ponga 50 puntos de manera aleatoria","Escriba un numero entre 0-9","Seleccione su género","Seleccione un nivel de estudio","¿Cuantos años tiene?","Seleccione un área del conocimiento","¿Cree que los seres humanos tenemos un destino escrito?","¿Usted se considera una persona religiosa?"
"2020/11/23 12:29:40",https://www.jotform.com/uploads/yjeanpaul/203225137773049/4819617800919179018/4819617800919179018_base64_4.png,7,Masculino,Bachillerato,44,"Bellas artes",No,Si
"2020/11/23 11:15:07",https://www.jotform.com/uploads/yjeanpaul/203225137773049/4819573060913990121/4819573060913990121_base64_4.png,6,Femenino,Tecnica,40,"Ciencias de la salud",Si,Si
"2020/11/22 17:13:22",https://www.jotform.com/uploads/yjeanpaul/203225137773049/4818924025919142508/4818924025919142508_base64_4.png,6,Femenino,Pregrado,20,"Ingenieria, arquitectura, urbanismo",Si,Si
"2020/11/22 16:29:05",https://www.jotform.com/uploads/yjeanpaul/203225137773049/4818897452314277166/4818897452314277166_base64_4.png,7,Masculino,Bachillerato,22,"Matematicas, ciencias naturales",No,Si
"2020/11/22 14:01:21",https://www.jotform.com/uploads/yjeanpaul/203225137773049/4818808812718707047/4818808812718707047_base64_4.png,5,Femenino,Tecnica,20,"Ciencias de la salud",No,No
"2020/11/22 13:26:24",https://www.jotform.com/uploads/yjeanpaul/203225137773049/4818787848164808511/4818787848164808511_base64_4.png,3,Masculino,Pregrado,25,"Ciencias sociales y humanas",No,No
"2020/11/22 09:25:57",https://www.jotform.com/uploads/yjeanpaul/203225137773049/4818643562428604556/4818643562428604556_base64_4.png,5,Masculino,Tecnologica,34,"Ingenieria, arquitectura, urbanismo",Si,Si
"2020/11/22 09:25:52",https://www.jotform.com/uploads/yjeanpaul/203225137773049/4818643512423757431/4818643512423757431_base64_4.png,5,Masculino,Tecnologica,34,"Ingenieria, arquitectura, urbanismo",Si,Si
"2020/11/22 09:14:40",https://www.jotform.com/uploads/yjeanpaul/203225137773049/4818636796719452125/4818636796719452125_base64_4.png,2,Femenino,Pregrado,21,"Economia, administracion, contaduria",Si,No
"2020/11/22 09:05:39",https://www.jotform.com/uploads/yjeanpaul/203225137773049/4818631385911745089/4818631385911745089_base64_4.png,4,Femenino,Pregrado,21,"Ingenieria, arquitectura, urbanismo",Si,Si
"2020/11/22 07:09:42",https://www.jotform.com/uploads/yjeanpaul/203225137773049/4818561811909604530/4818561811909604530_base64_4.png,3,Femenino,Pregrado,20,"Ciencias sociales y humanas",No,No
"2020/11/22 06:25:59",https://www.jotform.com/uploads/yjeanpaul/203225137773049/4818535587125252777/4818535587125252777_base64_4.png,1,Masculino,Bachillerato,31,Ninguno,Si,Si
"2020/11/21 23:05:40",https://www.jotform.com/uploads/yjeanpaul/203225137773049/4818271401651853600/4818271401651853600_base64_4.png,7,Femenino,Pregrado,24,"Bellas artes",Si,Si
"2020/11/21 22:33:57",https://www.jotform.com/uploads/yjeanpaul/203225137773049/4818252370527921697/4818252370527921697_base64_4.png,9,Femenino,Tecnologica,21,"Economia, administracion, contaduria",Si,Si
"2020/11/21 21:54:10",https://www.jotform.com/uploads/yjeanpaul/203225137773049/4818228490822911079/4818228490822911079_base64_4.png,2,Femenino,Bachillerato,19,Ninguno,Si,Si
"2020/11/21 21:51:27",https://www.jotform.com/uploads/yjeanpaul/203225137773049/4818226873425307575/4818226873425307575_base64_4.png,9,Femenino,Pregrado,50,"Ingenieria, arquitectura, urbanismo",Si,Si
"2020/11/21 21:24:34",https://www.jotform.com/uploads/yjeanpaul/203225137773049/4818210747911758291/4818210747911758291_base64_4.png,6,Femenino,Pregrado,19,"Ingenieria, arquitectura, urbanismo",No,Si
"2020/11/21 21:11:54",https://www.jotform.com/uploads/yjeanpaul/203225137773049/4818203130328645589/4818203130328645589_base64_4.png,3,Femenino,Pregrado,28,"Economia, administracion, contaduria",Si,Si
"2020/11/21 21:05:02",https://www.jotform.com/uploads/yjeanpaul/203225137773049/4818199027222304069/4818199027222304069_base64_4.png,5,Femenino,Pregrado,24,"Ciencias de la educación",No,Si
"2020/11/21 20:27:36",https://www.jotform.com/uploads/yjeanpaul/203225137773049/4818176560348589832/4818176560348589832_base64_4.png,7,Femenino,Especializacion,22,"Ingenieria, arquitectura, urbanismo",Si,Si
"2020/11/21 20:17:44",https://www.jotform.com/uploads/yjeanpaul/203225137773049/4818170640284838310/4818170640284838310_base64_4.png,5,Femenino,Pregrado,24,"Ciencias sociales y humanas",Si,Si
"2020/11/21 20:15:21",https://www.jotform.com/uploads/yjeanpaul/203225137773049/4818169202483739199/4818169202483739199_base64_4.png,7,Femenino,Pregrado,37,"Ciencias de la educación",Si,Si
"2020/11/21 20:12:35",https://www.jotform.com/uploads/yjeanpaul/203225137773049/4818166992897009210/4818166992897009210_base64_4.png,9,Masculino,Tecnica,27,"Matematicas, ciencias naturales",Si,Si
"2020/11/21 20:05:52",https://www.jotform.com/uploads/yjeanpaul/203225137773049/4818163512615014155/4818163512615014155_base64_4.png,6,Femenino,Pregrado,26,"Ingenieria, arquitectura, urbanismo",Si,Si
"2020/11/21 19:47:44",https://www.jotform.com/uploads/yjeanpaul/203225137773049/4818152643991650194/4818152643991650194_base64_4.png,3,Masculino,Tecnologica,26,"Agronomia, veterinaria, zootecnia",Si,Si
"2020/11/21 19:47:38",https://www.jotform.com/uploads/yjeanpaul/203225137773049/4818152583994038754/4818152583994038754_base64_4.png,3,Masculino,Tecnologica,26,"Agronomia, veterinaria, zootecnia",Si,Si
"2020/11/21 19:44:21",https://www.jotform.com/uploads/yjeanpaul/203225137773049/4818150614848321646/4818150614848321646_base64_4.png,8,Femenino,Tecnica,22,"Bellas artes",No,Si
"2020/11/21 19:32:15",https://www.jotform.com/uploads/yjeanpaul/203225137773049/4818143349027507840/4818143349027507840_base64_4.png,7,Masculino,Bachillerato,19,"Ingenieria, arquitectura, urbanismo",No,No
"2020/11/21 19:24:00",https://www.jotform.com/uploads/yjeanpaul/203225137773049/4818138395594794427/4818138395594794427_base64_4.png,5,Femenino,Tecnica,24,"Ingenieria, arquitectura, urbanismo",No,Si
"2020/11/21 19:20:37",https://www.jotform.com/uploads/yjeanpaul/203225137773049/4818136375131309224/4818136375131309224_base64_4.png,7,Masculino,Tecnologica,36,"Economia, administracion, contaduria",Si,Si
"2020/11/21 19:18:55",https://www.jotform.com/uploads/yjeanpaul/203225137773049/4818135340671651521/4818135340671651521_base64_4.png,4,Femenino,Pregrado,35,"Ingenieria, arquitectura, urbanismo",No,Si
"2020/11/21 19:18:34",https://www.jotform.com/uploads/yjeanpaul/203225137773049/4818135130985020274/4818135130985020274_base64_4.png,7,Masculino,Pregrado,20,"Economia, administracion, contaduria",Si,No
"2020/11/21 19:14:29",https://www.jotform.com/uploads/yjeanpaul/203225137773049/4818132680636012613/4818132680636012613_base64_4.png,2,Femenino,Pregrado,20,"Ciencias sociales y humanas",Si,Si
"2020/11/21 19:13:38",https://www.jotform.com/uploads/yjeanpaul/203225137773049/4818132183819381716/4818132183819381716_base64_4.png,2,Femenino,Bachillerato,18,"Ciencias de la salud",Si,No
"2020/11/21 19:06:35",https://www.jotform.com/uploads/yjeanpaul/203225137773049/4818127947419175344/4818127947419175344_base64_4.png,6,Masculino,Tecnica,28,"Economia, administracion, contaduria",Si,Si
"2020/11/21 19:04:14",https://www.jotform.com/uploads/yjeanpaul/203225137773049/4818126542221013246/4818126542221013246_base64_4.png,8,Masculino,Pregrado,21,"Ingenieria, arquitectura, urbanismo",No,No
"2020/11/21 19:02:39",https://www.jotform.com/uploads/yjeanpaul/203225137773049/4818125592126282102/4818125592126282102_base64_4.png,0,Femenino,Tecnica,25,"Bellas artes",Si,No
"2020/11/21 19:02:25",https://www.jotform.com/uploads/yjeanpaul/203225137773049/4818125452329466788/4818125452329466788_base64_4.png,8,Masculino,Tecnologica,22,"Ingenieria, arquitectura, urbanismo",No,No
"2020/11/21 19:02:16",https://www.jotform.com/uploads/yjeanpaul/203225137773049/4818125353827256420/4818125353827256420_base64_4.png,2,Femenino,Posgrado,19,"Economia, administracion, contaduria",Si,Si
"2020/11/21 18:59:38",https://www.jotform.com/uploads/yjeanpaul/203225137773049/4818123776997780339/4818123776997780339_base64_4.png,2,Femenino,Especializacion,32,"Ciencias sociales y humanas",No,Si
"2020/11/21 18:57:59",https://www.jotform.com/uploads/yjeanpaul/203225137773049/4818122782129857560/4818122782129857560_base64_4.png,9,Femenino,Tecnologica,28,"Ingenieria, arquitectura, urbanismo",No,Si
"2020/11/21 18:56:19",https://www.jotform.com/uploads/yjeanpaul/203225137773049/4818121799501422562/4818121799501422562_base64_4.png,8,Femenino,Pregrado,30,"Ingenieria, arquitectura, urbanismo",No,No
"2020/11/21 18:56:15",https://www.jotform.com/uploads/yjeanpaul/203225137773049/4818121743235561779/4818121743235561779_base64_4.png,9,Femenino,Pregrado,30,"Ingenieria, arquitectura, urbanismo",No,No
"2020/11/21 18:54:25",https://www.jotform.com/uploads/yjeanpaul/203225137773049/4818120650319637298/4818120650319637298_base64_4.png,6,Femenino,Pregrado,30,"Ingenieria, arquitectura, urbanismo",No,No
"2020/11/21 18:49:12",https://www.jotform.com/uploads/yjeanpaul/203225137773049/4818117524411667359/4818117524411667359_base64_4.png,8,Femenino,Bachillerato,19,"Ciencias de la educación",Si,No
"2020/11/21 15:50:57",https://www.jotform.com/uploads/yjeanpaul/203225137773049/4818010572427060778/4818010572427060778_base64_4.png,7,Masculino,Pregrado,22,"Ingenieria, arquitectura, urbanismo",No,No
"2020/11/21 15:43:43",https://www.jotform.com/uploads/yjeanpaul/203225137773049/4818006224306168887/4818006224306168887_base64_4.png,3,Femenino,Bachillerato,25,"Ingenieria, arquitectura, urbanismo",No,Si
"2020/11/21 14:50:35",https://www.jotform.com/uploads/yjeanpaul/203225137773049/4817974343223275193/4817974343223275193_base64_4.png,8,Masculino,Pregrado,22,"Ingenieria, arquitectura, urbanismo",No,No
"2020/11/21 14:29:47",https://www.jotform.com/uploads/yjeanpaul/203225137773049/4817961865916583652/4817961865916583652_base64_4.png,6,Femenino,Pregrado,21,"Economia, administracion, contaduria",Si,Si
"2020/11/21 13:02:14",https://www.jotform.com/uploads/yjeanpaul/203225137773049/4817909341297362299/4817909341297362299_base64_4.png,6,Masculino,Posgrado,23,"Ingenieria, arquitectura, urbanismo",No,Si
"2020/11/21 12:49:31",https://www.jotform.com/uploads/yjeanpaul/203225137773049/4817901715913586376/4817901715913586376_base64_4.png,7,Masculino,Tecnologica,25,"Ingenieria, arquitectura, urbanismo",No,No
"2020/11/21 12:46:30",https://www.jotform.com/uploads/yjeanpaul/203225137773049/4817899905911108245/4817899905911108245_base64_4.png,3,Masculino,Bachillerato,52,"Matematicas, ciencias naturales",Si,Si
"2020/11/21 12:46:17",https://www.jotform.com/uploads/yjeanpaul/203225137773049/4817899775914514153/4817899775914514153_base64_4.png,1,Femenino,Bachillerato,52,Ninguno,Si,Si
"2020/11/20 21:19:28",https://www.jotform.com/uploads/yjeanpaul/203225137773049/4817343678167393365/4817343678167393365_base64_4.png,6,Femenino,Primaria,62,Ninguno,Si,Si
"2020/11/20 19:06:38",https://www.jotform.com/uploads/yjeanpaul/203225137773049/4817263988162151020/4817263988162151020_base64_4.png,5,Masculino,Bachillerato,60,Ninguno,Si,Si
"2020/11/20 18:53:14",https://www.jotform.com/uploads/yjeanpaul/203225137773049/4817255936423004203/4817255936423004203_base64_4.png,5,Femenino,Tecnica,19,Ninguno,No,Si
"2020/11/20 18:39:38",https://www.jotform.com/uploads/yjeanpaul/203225137773049/4817247776429003225/4817247776429003225_base64_4.png,8,Femenino,Tecnica,19,Ninguno,Si,Si
"2020/11/20 17:24:42",https://www.jotform.com/uploads/yjeanpaul/203225137773049/4817202818169057849/4817202818169057849_base64_4.png,3,Masculino,Tecnologica,23,"Ingenieria, arquitectura, urbanismo",No,Si
"2020/11/20 15:50:31",https://www.jotform.com/uploads/yjeanpaul/203225137773049/4817146319625863643/4817146319625863643_base64_4.png,8,Femenino,Tecnologica,23,Ninguno,Si,Si
"2020/11/20 15:39:39",https://www.jotform.com/uploads/yjeanpaul/203225137773049/4817139790448495231/4817139790448495231_base64_4.png,7,Masculino,Pregrado,21,"Ingenieria, arquitectura, urbanismo",No,No
"2020/11/20 15:30:54",https://www.jotform.com/uploads/yjeanpaul/203225137773049/4817134539925659994/4817134539925659994_base64_4.png,4,Masculino,Pregrado,22,"Ingenieria, arquitectura, urbanismo",No,No
"2020/11/20 15:28:44",https://www.jotform.com/uploads/yjeanpaul/203225137773049/4817133246322842670/4817133246322842670_base64_4.png,2,Masculino,Pregrado,21,"Ingenieria, arquitectura, urbanismo",Si,No
"2020/11/20 15:22:30",https://www.jotform.com/uploads/yjeanpaul/203225137773049/4817129499782072337/4817129499782072337_base64_4.png,0,Masculino,Pregrado,22,"Ingenieria, arquitectura, urbanismo",No,No
